clade	gene_mutations
20B (B.1.1)	N: R203K, G204R
20C (B.1.367)	ORF3a: Q57H; nsp2: T85I
20E (B.1.177)	N: A220V; ORF10: V30L
20G (B.1.2)	N: P67S, P199L; ORF3a: Q57H, G172V; ORF8: S24L; nsp14: N129D; nsp16: R216C; nsp2: T85I; nsp5: L89F
20I (Alpha)	N: D3L, R203K, G204R, S235F; ORF8: Q27*, R52I, Y73C; nsp3: T183I, A890D, I1412T
21C (Epsilon)	N: T205I; ORF3a: Q57H; nsp13: D260Y; nsp2: T85I
21I (Delta)	M: I82T; N: D63G, R203M, D377Y; ORF3a: S26L; ORF7a: V82A, T120I; nsp12: G671S; nsp13: P77L; nsp3: P822L; nsp4: A446V; nsp6: V149A, T181I
21J (Delta)	M: I82T; N: D63G, R203M, G215C, D377Y; ORF3a: S26L; ORF7a: V82A, T120I; ORF7b: T40I; nsp12: G671S; nsp13: P77L; nsp14: A394V; nsp3: A488S, P1228L, P1469S; nsp4: V167L, T492I; nsp6: T77A
21K (Omicron BA.1)	E: T9I; M: D3G, Q19E, A63T; N: P13L, R203K, G204R; nsp14: I42V; nsp3: K38R, A1892T; nsp4: T492I; nsp5: P132H; nsp6: I189V
21L (Omicron BA.2)	E: T9I; M: Q19E, A63T; N: P13L, R203K, G204R, S413R; ORF3a: T223I; ORF6: D61L; nsp1: S135R; nsp13: R392C; nsp14: I42V; nsp15: T112I; nsp3: T24I, G489S; nsp4: L264F, T327I, L438F, T492I; nsp5: P132H
22A (Omicron BA.4)	E: T9I; M: Q19E, A63T; N: P13L, P151S, R203K, G204R, S413R; ORF3a: T223I; ORF6: D61L; ORF7b: L11F; nsp1: S135R; nsp13: R392C; nsp14: I42V; nsp15: T112I; nsp3: T24I, G489S; nsp4: L264F, T327I, T492I; nsp5: P132H
22B (Omicron BA.5)	E: T9I; M: D3N, Q19E, A63T; N: P13L, R203K, G204R, S413R; ORF3a: T223I; nsp1: S135R; nsp13: R392C; nsp14: I42V; nsp15: T112I; nsp3: T24I, G489S; nsp4: L264F, T327I, T492I; nsp5: P132H
22C (Omicron BA.2.12.1)	E: T9I; M: Q19E, A63T; N: P13L, R203K, G204R, S413R; ORF3a: T223I; ORF6: D61L; nsp1: S135R; nsp13: R392C; nsp14: I42V; nsp15: T112I; nsp3: T24I, G489S; nsp4: L264F, T327I, L438F, T492I; nsp5: P132H
